INSERT INTO `zipcode_tbl` (`zipcode`, `zipcode_city`, `zipcode_state`) VALUES ('26637', 'Phoenix', 'AZ'), ('34023', 'Seattle', 'WA'), ('28625', 'Statesville', 'NC');
INSERT INTO `customer_tbl` (`customer_ID`, `customer_first_name`, `customer_last_name`, `customer_email`, `customer_phone`, `customer_zipcode`, `customer_street`, `customer_house#`, `create_time`) VALUES ('C0001', 'Jack', 'Smith', 'jacksmith@gmail.com', '202-438-3376', '28625', 'Brookfield Dr', '379', CURRENT_TIMESTAMP), ('C0002', 'Fred', 'Moore', 'fredmoore@gmail.com', '640-934-2863', '28625', 'Elm Street', '334', CURRENT_TIMESTAMP);
INSERT INTO `department_tbl` (`department_ID`, `department_name`, `department_loacation`) VALUES ('D0001', 'Shipping', 'First Floor'), ('D0002', 'Billing', 'Second Floor');
INSERT INTO `employee_tbl` (`employee_ID`, `employee_first_name`, `employee_last_name`, `employee_email`, `employee_hrs_worked`, `employee_salary`, `employee_department`, `employee_login`, `employee_password`, `employee_dob`, `employee_gender`, `employee_type`, `employee_phone`, `employee_title`, `employee_hire_date`) VALUES ('kjones', 'Kevin', 'Jones', 'kjones@food.com', '40', '$40,000', 'D0001', 'kjones', 'password', '1986-02-13', 'Male', 'Full-Time', '644-232-7342', NULL, '2019-09-01'), ('wphillips', 'Wendy', 'Phillips', 'wphillips@food.com', '38', '$50,000', 'D0002', 'wphillips', 'password', '1958-11-28', 'Female', 'Part-Time', '908-145-9514', NULL, '2018-03-05'), ('bchapman', 'Bill', 'Chapman', 'bchapman@food.com', '40', '$60,000', 'D0001', 'bchapman', 'password', '1966-09-02', 'Male', 'Full-Time', '508-528-4746', 'Manager', '2005-10-09'), ('jdoe', 'Jane', 'Doe', 'jdoe@food.com', '40', '$80,000', 'D0002', 'jdoe', 'password', '1960-07-08', 'Female', 'Full-Time', '704-444-2302', 'Manager', '2019-09-15');
INSERT INTO `payment_method_tbl` (`payment_ID`, `card_type`, `payment_total`, `creditcard#`) VALUES ('Customer1', 'Visa', '400', '4446284187622463'), ('Customer2', 'Mastercard', '220', '4449284184628463');
INSERT INTO `products_tbl` (`product_ID`, `product_name`, `product_category`, `product_price`) VALUES ('P0001', 'Ground Beef', 'Beef', '2.00'), ('P0002', 'Chicken Wings', 'Poultry', '4.00'), ('P0003', 'Chicken Breast', 'Poultry', '6.00');
INSERT INTO `shift_times_tbl` (`shift_times_ID`, `employee_ID`, `shift_times_start_shift`, `shift_times_end_shift`) VALUES (NULL, 'bchapman', '08:00:00', '14:00:00'), (NULL, 'jdoe', '07:00:00', '15:00:00'), (NULL, 'kjones', '06:00:00', '14:00:00'), (NULL, 'wphillips', '06:00:00', '14:00:00');
INSERT INTO `vendor_tbl` (`vendor_ID`, `vendor_name`, `vendor_email`, `vendor_phone`, `vendor_zipcode`, `vendor_order#`) VALUES (NULL, 'Sysco', 'sysco@gmail.com', '111-222-7777', '26637', '00001'), (NULL, 'U.S. Foodservice', 'usfoodservice@gmail.com', '555-555-5555', '34023', '00002');
INSERT INTO `orders_tbl` (`order_ID`, `customer_ID`, `order_date`, `quantity`, `product_ID`, `orders_payment`) VALUES (NULL, 'C0001', '2019-09-03', '3', 'P0001', 'Customer1'), (NULL, 'C0002', '2019-03-05', '5', 'P0002', 'Customer2')